run_id,run_name,probe_id,state,created_at,model,layer,seed,final_loss,train/longfact_test_apertus/all_auc,train/longfact_test_apertus/all_f1,train/longfact_test_apertus/all_acc,train/longfact_test_apertus/all_recall_at_0.1_fpr,train/longfact_test_apertus/span_auc,train/longfact_test_apertus/span_f1,train/longfact_test_apertus/span_acc,train/longfact_test_apertus/span_recall_at_0.1_fpr,train/longfact_test_apertus/span_max_auc,train/longfact_test_apertus/span_max_f1,train/longfact_test_apertus/span_max_acc,train/longfact_test_apertus/span_max_recall_at_0.1_fpr,train/longfact_test_llama/all_auc,train/longfact_test_llama/all_f1,train/longfact_test_llama/all_acc,train/longfact_test_llama/all_recall_at_0.1_fpr,train/longfact_test_llama/span_auc,train/longfact_test_llama/span_f1,train/longfact_test_llama/span_acc,train/longfact_test_llama/span_recall_at_0.1_fpr,train/longfact_test_llama/span_max_auc,train/longfact_test_llama/span_max_f1,train/longfact_test_llama/span_max_acc,train/longfact_test_llama/span_max_recall_at_0.1_fpr
f1osa4x3,apertus_no_lora_long_form_layer4_seed42,apertus_no_lora_long_form_layer4_seed42,finished,2026-03-02 14:54:28+00:00,apertus,4,42,0.301313579082489,0.824844276683227,0.24094505494505497,,0.5276307578524049,0.7820703078522896,0.38416792234642744,,0.43737721589201933,0.8234381504248477,0.5453076612360307,,0.5321162947937795,0.8132476873174145,0.24223019797485823,,0.48749508145116865,0.7776095326928218,0.4494530916604901,,0.441819469583694,0.8114767481358034,0.578584254796333,,0.5274962618375145
k9210t28,apertus_no_lora_long_form_layer4_seed43,apertus_no_lora_long_form_layer4_seed43,finished,2026-03-02 14:54:28+00:00,apertus,4,43,0.24820169806480408,0.8364074817080516,0.2444049004174937,,0.5534471999445305,0.7818408674457445,0.3781770686246823,,0.4414912057688308,0.8223532500140358,0.5478272568276604,,0.5357223349109759,0.8239428753846929,0.24709850275807724,,0.5048555914063115,0.7760851198687242,0.443318441440932,,0.44152042181474777,0.8078236979749966,0.5733421375341949,,0.513374314670211
4dw0ohsb,apertus_no_lora_long_form_layer4_seed44,apertus_no_lora_long_form_layer4_seed44,finished,2026-03-02 14:54:28+00:00,apertus,4,44,0.14847032725811005,0.8302018870521545,0.24310242879296687,,0.5465366214435944,0.7829094868890152,0.3834849791450344,,0.44701504610904386,0.8215515738969719,0.546220772158782,,0.5372999774622492,0.8187722005377012,0.24785827572059305,,0.4989848115212088,0.777283926488621,0.45336529307003887,,0.443298969072165,0.8074809178036376,0.5737766861893067,,0.5175278285429473
2msk68xv,apertus_no_lora_long_form_layer10_seed42,apertus_no_lora_long_form_layer10_seed42,finished,2026-03-02 14:54:28+00:00,apertus,10,42,0.1188635155558586,0.8349790136283437,0.2715897169678682,,0.5489403009221808,0.823749663399917,0.43322694729578193,,0.5209513023782559,0.8682490590818475,0.6256711838404501,,0.6258733378408835,0.8250763870485456,0.2697534880358563,,0.5157472259384591,0.8139533745830329,0.4938731842897636,,0.5034862674116629,0.8574751331855613,0.6395668767196236,,0.5969430137896661
ennpfi5c,apertus_no_lora_long_form_layer10_seed43,apertus_no_lora_long_form_layer10_seed43,finished,2026-03-02 14:55:28+00:00,apertus,10,43,0.2892115116119385,0.8300675186115706,0.2801368522126616,,0.5524533709293457,0.828807559160539,0.49088473601672766,,0.5408047703792729,0.8689065761865797,0.6383917626869331,,0.631282398016678,0.8226177442482394,0.26802455186734664,,0.5182340442275911,0.8186411677879629,0.5458616221819124,,0.5113087274730463,0.8577265431456805,0.6508885707066453,,0.6012626682173119
ckfvtpqq,apertus_no_lora_long_form_layer10_seed44,apertus_no_lora_long_form_layer10_seed44,finished,2026-03-02 14:55:28+00:00,apertus,10,44,0.14164792001247406,0.8233641459041334,0.2716896087682604,,0.5391175722837266,0.8285622203159897,0.5237544539601175,,0.5391175722837266,0.8705438410992483,0.6508443633044272,,0.6319585305386523,0.811920552468672,0.25787264768265716,,0.5020539859919729,0.8172171354570108,0.5732659162503261,,0.5134650192807114,0.8586864674778496,0.6580976863753213,,0.6050839009802292
98q6shel,apertus_no_lora_long_form_layer16_seed42,apertus_no_lora_long_form_layer16_seed42,finished,2026-03-02 14:55:28+00:00,apertus,16,42,0.06563707441091537,0.8111111057510365,0.25900254330717254,,0.5059745302424481,0.8041037960987285,0.4123811675559186,,0.4931009776504033,0.8652983266435131,0.6396084517130237,,0.6200135226504395,0.803281166690218,0.25057888791107286,,0.47587943653104586,0.7945729866432071,0.4528463629493441,,0.45836153301329974,0.8577912704681282,0.6543710197667687,,0.6002658248878551
92fyxrb6,apertus_no_lora_long_form_layer16_seed43,apertus_no_lora_long_form_layer16_seed43,finished,2026-03-02 14:55:28+00:00,apertus,16,43,0.40841183066368103,0.8166734697489529,0.26387015596853475,,0.5143411838121432,0.8145120953084858,0.4786142352844594,,0.5213442115237941,0.8709511226470459,0.6540534342391927,,0.6348884381338742,0.8030063668939131,0.24354091507471537,,0.473014873691666,0.8018405715582125,0.5142760135386052,,0.4842527740615409,0.8618360136579415,0.6650389855871466,,0.6163814587140721
i19xd1q5,apertus_no_lora_long_form_layer16_seed44,apertus_no_lora_long_form_layer16_seed44,finished,2026-03-02 14:56:24+00:00,apertus,16,44,0.26565003395080566,0.7921765469245796,0.2466589700531766,,0.4727159266877759,0.8108335686767565,0.466364598491864,,0.5051887119513717,0.8661665024621359,0.6485688323489323,,0.6303808879873789,0.7898445964954643,0.24121697618671972,,0.4606594790273078,0.8035814782720387,0.5079412710320437,,0.4817029983473676,0.8583634642549417,0.65884561238855,,0.604253198205682
5w54hojz,apertus_no_lora_long_form_layer20_seed42,apertus_no_lora_long_form_layer20_seed42,finished,2026-03-02 14:56:24+00:00,apertus,20,42,0.002515794476494193,0.7216130788305651,0.20019447800335916,,0.3927935840247764,0.7579270098229404,0.36343211725687385,,0.42318626204728776,0.844264785180656,0.6130918262065803,,0.5715573585756142,0.7152865479674657,0.20142013178822996,,0.37936570394270874,0.7533504252780392,0.4108404977637708,,0.4119776501141103,0.8388654097938774,0.6432152805411858,,0.5658747300215983
h3qhm4bp,apertus_no_lora_long_form_layer20_seed43,apertus_no_lora_long_form_layer20_seed43,finished,2026-03-02 14:56:24+00:00,apertus,20,43,0.4361111521720886,0.7325044196056973,0.21698776400110031,,0.4200661011856611,0.7675462313865282,0.377784872995601,,0.440173804516144,0.8528165969886055,0.6289351851851852,,0.5981519044399369,0.7258548789563044,0.21278362883410817,,0.40028330841268595,0.7623195228087261,0.42426054556327336,,0.42208231683324154,0.8415728147515787,0.6404207841887153,,0.5731849144376142
1sb6t3rt,apertus_no_lora_long_form_layer20_seed44,apertus_no_lora_long_form_layer20_seed44,finished,2026-03-02 14:56:24+00:00,apertus,20,44,0.9805268049240112,0.7097785804895088,0.2061640537214404,,0.39108327362655143,0.7545094567459225,0.3984282095031281,,0.42140661474102664,0.8473290339030696,0.6199556541019956,,0.5665990534144693,0.7136638775270779,0.20511592308933865,,0.3870465097977493,0.7570589324338984,0.4426168728302268,,0.4190131423624774,0.8377789849446498,0.6395429630201498,,0.5590629672703107
rjgl9oec,apertus_no_lora_long_form_layer24_seed42,apertus_no_lora_long_form_layer24_seed42,finished,2026-03-02 14:56:59+00:00,apertus,24,42,0.0074127716943621635,0.668624076141944,0.1876943658831399,,0.36769362331569094,0.7134022388278651,0.29891974731805776,,0.36626066054961054,0.8297399552349429,0.5980380569672615,,0.5566824430921794,0.6800684038488392,0.2028178860476997,,0.37595026363421735,0.7252826672018453,0.3635750177738682,,0.3789250019674195,0.8174281097536221,0.6211543144735774,,0.5369662734673534
g0y68jcb,apertus_no_lora_long_form_layer24_seed43,apertus_no_lora_long_form_layer24_seed43,finished,2026-03-02 14:56:59+00:00,apertus,24,43,0.802904486656189,0.6732655393646854,0.2090814185452779,,0.3850047380220491,0.7297381338765004,0.3612529913919349,,0.3963528786372986,0.835295407951767,0.625503355704698,,0.584403876493126,0.6829836626947562,0.2132308985339118,,0.3867159833162824,0.7368793608732367,0.41475938291503567,,0.3942393956087196,0.8200176992287629,0.6327587539615057,,0.5583984050506728
p8vm93b7,apertus_no_lora_long_form_layer24_seed44,apertus_no_lora_long_form_layer24_seed44,finished,2026-03-02 14:56:59+00:00,apertus,24,44,1.4770123958587646,0.6641314766859456,0.19081797255904157,,0.3638338687683454,0.7281996972925914,0.36946184485269606,,0.387778214343495,0.8303970866944326,0.6140629971364938,,0.5724588686049132,0.6791479029861602,0.20142212498290715,,0.37495868418981665,0.7404732636711796,0.432520949562939,,0.39760761784843,0.8174276993173359,0.6306372369289434,,0.0
fjxaywoo,apertus_no_lora_long_form_layer26_seed42,apertus_no_lora_long_form_layer26_seed42,finished,2026-03-02 14:56:59+00:00,apertus,26,42,0.022064460441470143,0.6670177726305941,0.2175095284145856,,0.3869461714470613,0.6723649946790452,0.3474862772183649,,0.3939029745533548,0.8176474139385239,0.6102060373742214,,0.5769664187514086,0.6738023828077514,0.21943093823158652,,0.3868733768788857,0.6838376003744628,0.4017663683466792,,0.3996852128747934,0.8110870464828519,0.6356324640506946,,0.0
fc3llcx0,apertus_no_lora_long_form_layer26_seed43,apertus_no_lora_long_form_layer26_seed43,finished,2026-03-02 14:58:28+00:00,apertus,26,43,4.096796035766602,0.6698936929266394,0.21903579827541156,,0.3854438717729448,0.672824099653761,0.35925,,0.37804793491575567,0.8159692063559093,0.6083923950950613,,0.0,0.6799530804425895,0.22484818644345972,,0.39568741638466987,0.6860977780943553,0.411768105889833,,0.3871409459353112,0.8051164855676516,0.6270504487774683,,0.0
gtn6g9ne,apertus_no_lora_long_form_layer26_seed44,apertus_no_lora_long_form_layer26_seed44,finished,2026-03-02 14:58:28+00:00,apertus,26,44,0.0003512128023430705,0.6678283342388164,0.2112497938087645,,0.3773083412300368,0.6750514206774699,0.34716449199407234,,0.37661497214967526,0.816442135972021,0.5996109394667583,,0.5508226279017354,0.6739930132851973,0.21327218178241197,,0.3790823955300228,0.6863596516897853,0.40374767225325886,,0.3835051546391753,0.8022784807971455,0.624310239117106,,0.0
xowhpuzx,apertus_no_lora_long_form_layer28_seed42,apertus_no_lora_long_form_layer28_seed42,finished,2026-03-02 14:58:28+00:00,apertus,28,42,0.027778860181570053,0.6679858101745226,0.2651126161600252,,0.3936718515265676,0.6645886937014613,0.4293950577390772,,0.3936718515265676,0.7873038660517809,0.6192448810510119,,0.5909398242055443,0.6801092628762144,0.25765269632384497,,0.4424647831903675,0.6758588488772196,0.4755566311713456,,0.44021405524514046,0.7888265024608037,0.6386280114332381,,0.0
e75d9qzf,apertus_no_lora_long_form_layer28_seed43,apertus_no_lora_long_form_layer28_seed43,finished,2026-03-02 14:58:28+00:00,apertus,28,43,9.128880500793455,0.6434065755760506,0.23053950454831512,,0.3463609679432362,0.6441270197331371,0.3639450867052023,,0.3463609679432362,0.785237361915302,0.6055270237221815,,0.5735857561415371,0.6613288247364254,0.2377743038212801,,0.4064373967104745,0.6615155831503243,0.42458359394908146,,0.4064373967104745,0.7895740184142594,0.6311591192355629,,0.0
ha39x6u6,apertus_no_lora_long_form_layer28_seed44,apertus_no_lora_long_form_layer28_seed44,finished,2026-03-02 14:58:28+00:00,apertus,28,44,9.188133239746094,0.6687935312356715,0.2536947840764069,,0.40710009938290154,0.6688955473408819,0.422356630056714,,0.40710009938290154,0.7995030864634953,0.6278605797441614,,0.6019833220644579,0.6842334020680467,0.2493269711735712,,0.4457857873612969,0.6834033241045986,0.4835885975908868,,0.4417407728023924,0.7959370273585479,0.6432674903596443,,0.0
pk12wkry,apertus_no_lora_long_form_layer30_seed42,apertus_no_lora_long_form_layer30_seed42,finished,2026-03-02 14:58:28+00:00,apertus,30,42,82.0517578125,0.5000533691196455,0.0002309682187730968,,0.0001386738160722953,0.5000632452595398,0.00023109632094657053,,0.0001386738160722953,0.5006405165769446,0.0022512381809995496,,0.001352265043948614,0.5001886318873037,0.0005347004890936827,,0.0004092232627685527,0.5001899691781541,0.0005349781288353212,,0.0004092232627685527,0.5016529637360996,0.00463960231980116,,0.0034889516530985216
vhvivjkc,apertus_no_lora_long_form_layer30_seed43,apertus_no_lora_long_form_layer30_seed43,finished,2026-03-02 14:58:28+00:00,apertus,30,43,10.69191074371338,0.6531387502590341,0.2794741767688859,,0.34585249728430445,0.6504745746332085,0.4364717878993882,,0.34585249728430445,0.760383337477413,0.6132937978749691,,0.5913905792201938,0.6732749241184043,0.27152629354226077,,0.4098843157314866,0.6658728226797492,0.4915767576714558,,0.4098843157314866,0.775875530017658,0.6423202614379085,,0.0
agskbmvs,apertus_no_lora_long_form_layer30_seed44,apertus_no_lora_long_form_layer30_seed44,finished,2026-03-02 14:58:28+00:00,apertus,30,44,0.0001453680742997676,0.620358003757663,0.26669614639285205,,0.2638731596828992,0.6154336848041935,0.3672080654692621,,0.2638731596828992,0.7283952054526637,0.586879664789839,,0.5321162947937795,0.6459836147502036,0.2765519270373639,,0.3317541512552137,0.6358665083930621,0.4369267745190291,,0.3317541512552137,0.757597079379979,0.6351139725073952,,0.0
dxwgjkjh,llama_no_lora_long_form_layer4_seed42,llama_no_lora_long_form_layer4_seed42,finished,2026-03-02 14:45:37+00:00,llama,4,42,0.4904392957687378,0.8421025211383432,0.17015059126064172,,0.5650847547550203,0.7415309277252098,0.200855487075706,,0.38308088176777993,0.7977934121955553,0.4226427094927652,,0.5024886877828054,0.8401707346171544,0.1949243556219649,,0.5290684057866576,0.7431722941793386,0.2527357762339372,,0.3816095267263589,0.7913230301013902,0.4837719298245614,,0.48609731876861967
e5f00gcl,llama_no_lora_long_form_layer4_seed43,llama_no_lora_long_form_layer4_seed43,finished,2026-03-02 14:45:37+00:00,llama,4,43,0.7738803029060364,0.8443597239202061,0.17255188879048097,,0.5648990635859618,0.7430416395887794,0.2055174627926709,,0.3825503355704698,0.798915676696494,0.4200477326968974,,0.4993212669683258,0.8424073110148813,0.19858448902806933,,0.5308159331255518,0.7458000427927524,0.2607543077479214,,0.38614949465833137,0.7931897899564061,0.48756981710656006,,0.4922211188348229
cfx6hhoc,llama_no_lora_long_form_layer4_seed44,llama_no_lora_long_form_layer4_seed44,finished,2026-03-02 14:45:36+00:00,llama,4,44,0.4791973531246186,0.8435954142751092,0.17433134500673467,,0.564182826219593,0.7419493553675566,0.20744132799084145,,0.385494866965541,0.7977658874934654,0.42312579415501905,,0.498868778280543,0.841960652730645,0.20038358618630345,,0.5299511773289856,0.7444208992149278,0.2623877768921906,,0.3839515736753923,0.791805953229734,0.4874520547945206,,0.49172459450513073
kgoq3e5r,llama_no_lora_long_form_layer10_seed42,llama_no_lora_long_form_layer10_seed42,finished,2026-03-02 14:45:36+00:00,llama,10,42,0.4103353917598725,0.8764854912180169,0.2614704256495301,,0.6467092872111839,0.8244259410463572,0.3559736594543744,,0.5280791574926387,0.8660843990891532,0.5704927371119339,,0.6276018099547511,0.8727830309840049,0.2819136400534185,,0.6144810564433315,0.8261130584584122,0.433088393048702,,0.5233393986344065,0.8652355144590025,0.6199844176081029,,0.6171797418073486
9oem35be,llama_no_lora_long_form_layer10_seed43,llama_no_lora_long_form_layer10_seed43,finished,2026-03-02 14:46:11+00:00,llama,10,43,0.582381546497345,0.8766966881350129,0.2660601253984168,,0.6464970687322599,0.8257740232153691,0.3683981517932992,,0.5283974852110247,0.8674093015111012,0.5778405081157375,,0.6316742081447964,0.8730621903488596,0.2834332699311674,,0.6146251824094259,0.8277488737065405,0.4425827761647266,,0.5233033671428828,0.8667972029893992,0.6262567672080434,,0.6194968553459119
rri8v027,llama_no_lora_long_form_layer10_seed44,llama_no_lora_long_form_layer10_seed44,finished,2026-03-02 14:46:11+00:00,llama,10,44,0.3619125485420227,0.8762741289736549,0.2663563407741019,,0.6460991590842773,0.8253184371421558,0.36592404958162905,,0.5309175796482478,0.8667550295064161,0.5732954545454545,,0.6280542986425339,0.8729178685485856,0.2836655030694891,,0.6147332768839966,0.8278622360097336,0.44026902957190134,,0.52708667375286,0.8659345377398329,0.6214634146341463,,0.6175107580271433
egoe6db0,llama_no_lora_long_form_layer16_seed42,llama_no_lora_long_form_layer16_seed42,finished,2026-03-02 14:46:11+00:00,llama,16,42,0.4122848212718963,0.8836617869111629,0.27339557245080504,,0.6510862933389925,0.8326861880511922,0.3975127512141594,,0.5428548690877258,0.8731551516019311,0.6029916289282283,,0.6445701357466064,0.8797606515886423,0.28818685528554955,,0.6180301583584052,0.8380559380813104,0.4685549436139523,,0.5521645918532798,0.8796587635638786,0.6503909975205036,,0.6618669314796425
x0f4o57o,llama_no_lora_long_form_layer16_seed43,llama_no_lora_long_form_layer16_seed43,finished,2026-03-02 14:46:11+00:00,llama,16,43,0.5862885117530823,0.8812331749035167,0.2725564167638384,,0.6421200626044513,0.8344173722106608,0.4023817239144524,,0.5469135474971483,0.8744055180335979,0.6079367243965634,,0.6479638009049774,0.8783906392763406,0.2880824905810034,,0.6148593871043292,0.8406762808424786,0.47456652685769535,,0.5590105752427622,0.8810318159060496,0.6533675311104779,,0.6671631909963588
wflhsqs9,llama_no_lora_long_form_layer16_seed44,llama_no_lora_long_form_layer16_seed44,finished,2026-03-02 14:50:44+00:00,llama,16,44,0.3619725704193115,0.8818420295717192,0.2722293859101812,,0.6440830835344987,0.8340480917150254,0.39863561610460274,,0.5460116189617211,0.8738249999758131,0.6022274164718823,,0.6447963800904978,0.8787298619004447,0.2875690386616505,,0.6147152611382348,0.840317755106928,0.47077785931439353,,0.5586862918190498,0.8808525003635705,0.6473180076628352,,0.6653426017874876
qni919ee,llama_no_lora_long_form_layer20_seed42,llama_no_lora_long_form_layer20_seed42,finished,2026-03-02 14:50:44+00:00,llama,20,42,0.4025150239467621,0.8781788888265181,0.2656629568950907,,0.6362309998143089,0.8251735032148012,0.385640478924061,,0.5289015040984694,0.8688144964075992,0.5941364457412811,,0.6416289592760182,0.8740952936253458,0.2771037824962011,,0.5993117985118994,0.8285624391741049,0.4488736910733531,,0.5370313654133713,0.8745965764971402,0.6372057120802779,,0.651770936775902
4aryhr4u,llama_no_lora_long_form_layer20_seed43,llama_no_lora_long_form_layer20_seed43,finished,2026-03-02 14:50:44+00:00,llama,20,43,0.6214630007743835,0.876278888033536,0.2636331619356202,,0.6315887205878452,0.827494253239295,0.38440523385986897,,0.5309971615778444,0.8704508617150583,0.5980324234446446,,0.6434389140271494,0.8723724373418704,0.27583023549097024,,0.6001585385627038,0.8307437562311761,0.44671080734728746,,0.5421118057181977,0.8757667224557364,0.6393284446159784,,0.656901688182721
v8qejznt,llama_no_lora_long_form_layer20_seed44,llama_no_lora_long_form_layer20_seed44,finished,2026-03-02 14:50:44+00:00,llama,20,44,0.4049457013607025,0.8768084294545108,0.2624906575663137,,0.6334721595882962,0.825902802611394,0.3823197157352065,,0.531235907366634,0.8695579939184436,0.5928185221128518,,0.638235294117647,0.8732451906537371,0.2770843570843571,,0.6003747275118454,0.8300914823228299,0.4500851426138782,,0.5395715855657846,0.8755827893456398,0.6340425531914894,,0.6504468718967229
k5b7gy5e,llama_no_lora_long_form_layer24_seed42,llama_no_lora_long_form_layer24_seed42,finished,2026-03-02 14:50:44+00:00,llama,24,42,0.3927442729473114,0.8698460805580827,0.25883436610283034,,0.6101811815263815,0.8186875453458466,0.3814087403598972,,0.513276918587686,0.8658930806414111,0.5967140687560403,,0.6287330316742081,0.8672945050062288,0.2700408805289072,,0.5856918947159818,0.8235005535646664,0.44099270854237743,,0.5231952726683121,0.8704370987494702,0.6346098473941837,,0.632406487917908
jg69cqpj,llama_no_lora_long_form_layer24_seed43,llama_no_lora_long_form_layer24_seed43,finished,2026-03-02 14:50:44+00:00,llama,24,43,0.6449342966079712,0.867118136512977,0.2581095221485874,,0.6048226649335491,0.8192826693781186,0.380987684830512,,0.515054248348675,0.8670419991157267,0.6025817083218896,,0.6287330316742081,0.8644467547773776,0.2677685407288141,,0.5816023204280542,0.823692058620924,0.4378299238404814,,0.5243662961428288,0.8707389659449257,0.6326726957860304,,0.6333995365772923
5o6iy05l,llama_no_lora_long_form_layer24_seed44,llama_no_lora_long_form_layer24_seed44,finished,2026-03-02 14:50:44+00:00,llama,24,44,0.3951850831508637,0.8684091312626383,0.25880159194010743,,0.6110300554420777,0.8192514248109188,0.38217947927583584,,0.5216064938854551,0.8667238042072967,0.599338660788096,,0.6287330316742081,0.8657200279955817,0.2687008754033602,,0.5845749184787504,0.8243411202184023,0.4421114573442285,,0.5284018231934711,0.8710735484560503,0.631953801732435,,0.637537239324727
82vjeyys,llama_no_lora_long_form_layer26_seed42,llama_no_lora_long_form_layer26_seed42,finished,2026-03-02 14:50:44+00:00,llama,26,42,0.38688111305236816,0.8667294677910653,0.26128598633359473,,0.6076876143990237,0.8184549842134284,0.3832802711307384,,0.5220839854630341,0.8676250003628037,0.6046766033091754,,0.6343891402714932,0.8646299536715014,0.2671533212504907,,0.583908335885564,0.8228908650414475,0.4317414896201712,,0.5252850991766804,0.8715595348727156,0.6312542176805167,,0.6411784177424694
gzg4irhz,llama_no_lora_long_form_layer26_seed43,llama_no_lora_long_form_layer26_seed43,finished,2026-03-02 14:51:46+00:00,llama,26,43,0.6332159042358398,0.8645183115930957,0.26180749860100727,,0.6049022468631456,0.819189545219485,0.3850221170661455,,0.5227736955195373,0.8683686026835858,0.6075637160865991,,0.642081447963801,0.86236904262827,0.26628162219458656,,0.5794404309366387,0.8235205816741915,0.43136830719307734,,0.5308159331255518,0.871939271963908,0.6297263320762015,,0.6340615690168818
7u7entue,llama_no_lora_long_form_layer26_seed44,llama_no_lora_long_form_layer26_seed44,finished,2026-03-02 14:51:46+00:00,llama,26,44,0.4069174230098725,0.8647245555410542,0.26209342272953956,,0.6053001565111282,0.8203955986898984,0.387530211789767,,0.5254264265060881,0.8689973655619054,0.6056627000410341,,0.6427601809954752,0.8619063412484611,0.26689825574283826,,0.5786657538688814,0.824966635705541,0.43889879715178415,,0.5318067991424505,0.8727722097356756,0.6316294236117771,,0.6381992717643165
5zoj6oqm,llama_no_lora_long_form_layer28_seed42,llama_no_lora_long_form_layer28_seed42,finished,2026-03-02 14:51:46+00:00,llama,28,42,0.375164270401001,0.8620926592117093,0.2646656417055729,,0.6017454969891504,0.8200641127977737,0.3856858029639678,,0.525320317266626,0.8694498945612027,0.602323991797676,,0.6391402714932126,0.8612639727848483,0.26750511299506946,,0.5799088403264453,0.826373113534703,0.4270868616797865,,0.5306898229052192,0.8735920794892837,0.6315688346623115,,0.6398543528632903
22zq4z08,llama_no_lora_long_form_layer28_seed43,llama_no_lora_long_form_layer28_seed43,finished,2026-03-02 14:51:46+00:00,llama,28,43,0.6801114678382874,0.8601345874691433,0.2660108186888646,,0.6007905138339921,0.8210732487875211,0.38921468115644864,,0.5291667771971245,0.8702538109699565,0.6093366093366094,,0.6398190045248868,0.8588805710897361,0.2675872740881529,,0.5794584466824004,0.8267714004452758,0.4301066547710775,,0.5355901057524276,0.8732471451762455,0.6323501060343165,,0.6439920556107249
pbg44l09,llama_no_lora_long_form_layer28_seed44,llama_no_lora_long_form_layer28_seed44,finished,2026-03-02 14:51:46+00:00,llama,28,44,0.4108438789844513,0.8606006059754413,0.26594282382016854,,0.6017720242990159,0.8219372238059665,0.3912732621085531,,0.5285035944504868,0.8709712591801413,0.6097461653318854,,0.6457013574660634,0.8585536873600218,0.26884115356695043,,0.5763777541571333,0.8276986495896993,0.43794345302085574,,0.5364548615489938,0.8740940563715873,0.6353686635944701,,0.6377027474346243
ct7o6ek7,llama_no_lora_long_form_layer30_seed42,llama_no_lora_long_form_layer30_seed42,finished,2026-03-02 14:51:46+00:00,llama,30,42,0.4142408668994904,0.8608810630031158,0.28592047164157197,,0.6103934000053055,0.8276494906042692,0.45249709639953545,,0.5435711064540945,0.8773484682108235,0.6525551102204409,,0.6595022624434389,0.8563876862542225,0.26794772235348546,,0.5747923685300953,0.8310315211125916,0.43625163086607394,,0.5415713333453438,0.8791740095045839,0.65032184778493,,0.6582257530619
av9rm02w,llama_no_lora_long_form_layer30_seed43,llama_no_lora_long_form_layer30_seed43,finished,2026-03-02 14:51:46+00:00,llama,30,43,0.7231071591377258,0.8593043208177858,0.2874692269817824,,0.6082181605963339,0.8271305985226225,0.4523514372046176,,0.5405469931294268,0.8768075521848682,0.656619753393947,,0.6597285067873303,0.8545024766630366,0.2667720320705948,,0.5745401480894302,0.8300707065276327,0.43584329652890785,,0.5405624515826832,0.8783795514629622,0.6492007944764967,,0.6506123800066204
ojujrfsw,llama_no_lora_long_form_layer30_seed44,llama_no_lora_long_form_layer30_seed44,finished,2026-03-02 14:51:46+00:00,llama,30,44,0.4089251160621643,0.8586539142327282,0.2853271815152514,,0.6056980661591108,0.8290052122055307,0.4526986463194996,,0.5448178900177733,0.8775280801947595,0.6577466549956233,,0.6665158371040724,0.8532671296478973,0.2638888888888889,,0.5710811249031653,0.8323208661773918,0.434469941822883,,0.5458951123281748,0.8787603851007129,0.647025171624714,,0.656901688182721
