_step,train/loss,run_key
0,39.53565216064453,apertus_no_lora
1,19.7678,apertus_no_lora
7,24.9195613861084,apertus_no_lora
8,28.088563919067383,apertus_no_lora
9,53.85519790649414,apertus_no_lora
27,75.90352630615234,apertus_no_lora
28,22.417495727539062,apertus_no_lora
33,16.766,apertus_no_lora
41,57.411773681640625,apertus_no_lora
43,22.808523178100586,apertus_no_lora
44,13.7895,apertus_no_lora
47,33.192955017089844,apertus_no_lora
60,63.99895095825195,apertus_no_lora
61,5.240757942199707,apertus_no_lora
64,27.82795524597168,apertus_no_lora
67,35.098960876464844,apertus_no_lora
74,71.55392456054688,apertus_no_lora
77,15.3051,apertus_no_lora
78,17.444286346435547,apertus_no_lora
85,31.44114112854004,apertus_no_lora
88,15.0926,apertus_no_lora
94,27.437498092651367,apertus_no_lora
99,13.512,apertus_no_lora
102,48.39091873168945,apertus_no_lora
104,31.64140510559082,apertus_no_lora
109,23.349042892456055,apertus_no_lora
120,27.95633888244629,apertus_no_lora
124,19.35426902770996,apertus_no_lora
133,18.75229263305664,apertus_no_lora
136,5.187252998352051,apertus_no_lora
143,13.2454,apertus_no_lora
147,8.830546379089355,apertus_no_lora
149,26.674795150756836,apertus_no_lora
150,32.59299087524414,apertus_no_lora
155,34.82791519165039,apertus_no_lora
157,39.46443176269531,apertus_no_lora
162,23.643346786499023,apertus_no_lora
170,18.85445213317871,apertus_no_lora
172,18.895620346069336,apertus_no_lora
174,21.656240463256836,apertus_no_lora
180,22.65709114074707,apertus_no_lora
193,30.679420471191406,apertus_no_lora
195,26.49872398376465,apertus_no_lora
198,18.487,apertus_no_lora
203,35.61083221435547,apertus_no_lora
213,0.6602146625518799,apertus_no_lora
214,5.129337310791016,apertus_no_lora
215,5.305237293243408,apertus_no_lora
217,5.759364604949951,apertus_no_lora
225,58.14695739746094,apertus_no_lora
228,40.30757522583008,apertus_no_lora
233,24.370464324951172,apertus_no_lora
240,36.16238021850586,apertus_no_lora
241,13.59754753112793,apertus_no_lora
242,15.6397,apertus_no_lora
248,86.81853485107422,apertus_no_lora
251,37.66672897338867,apertus_no_lora
259,43.78489685058594,apertus_no_lora
265,7.946712493896484,apertus_no_lora
270,14.235453605651855,apertus_no_lora
272,39.34282684326172,apertus_no_lora
273,25.72661781311035,apertus_no_lora
274,33.95050048828125,apertus_no_lora
279,3.920710563659668,apertus_no_lora
282,66.4105224609375,apertus_no_lora
283,12.789463996887207,apertus_no_lora
292,16.94162368774414,apertus_no_lora
302,32.74811553955078,apertus_no_lora
316,53.581459045410156,apertus_no_lora
321,13.862983703613281,apertus_no_lora
324,20.70001220703125,apertus_no_lora
327,23.18069076538086,apertus_no_lora
330,13.6472,apertus_no_lora
332,23.956586837768555,apertus_no_lora
337,5.552401065826416,apertus_no_lora
340,29.926429748535156,apertus_no_lora
353,21.945266723632812,apertus_no_lora
354,70.6182861328125,apertus_no_lora
358,11.476249694824219,apertus_no_lora
370,12.786565780639648,apertus_no_lora
375,18.384803771972656,apertus_no_lora
396,21.1045,apertus_no_lora
398,39.44063186645508,apertus_no_lora
405,39.475337982177734,apertus_no_lora
406,31.010114669799805,apertus_no_lora
407,19.699,apertus_no_lora
421,18.01028060913086,apertus_no_lora
425,34.91710662841797,apertus_no_lora
429,14.0313,apertus_no_lora
430,38.64620590209961,apertus_no_lora
441,44.312721252441406,apertus_no_lora
444,44.49248504638672,apertus_no_lora
447,16.772003173828125,apertus_no_lora
450,28.067771911621094,apertus_no_lora
457,23.25390625,apertus_no_lora
471,44.40719985961914,apertus_no_lora
472,13.188904762268066,apertus_no_lora
481,34.02764892578125,apertus_no_lora
490,38.047916412353516,apertus_no_lora
495,15.1128,apertus_no_lora
497,37.0306396484375,apertus_no_lora
504,25.051488876342773,apertus_no_lora
505,31.636999130249023,apertus_no_lora
515,37.565879821777344,apertus_no_lora
522,57.53706359863281,apertus_no_lora
530,6.726579189300537,apertus_no_lora
531,5.302502632141113,apertus_no_lora
534,33.788963317871094,apertus_no_lora
539,8.6159,apertus_no_lora
541,25.486352920532227,apertus_no_lora
543,16.79092025756836,apertus_no_lora
547,41.911006927490234,apertus_no_lora
548,4.761714935302734,apertus_no_lora
550,16.0436,apertus_no_lora
553,22.439044952392578,apertus_no_lora
555,21.62285804748535,apertus_no_lora
559,58.869384765625,apertus_no_lora
567,13.650838851928711,apertus_no_lora
568,23.82143783569336,apertus_no_lora
570,6.168262481689453,apertus_no_lora
573,16.28769302368164,apertus_no_lora
589,27.793228149414062,apertus_no_lora
593,22.60120964050293,apertus_no_lora
595,27.367483139038086,apertus_no_lora
601,25.52845001220703,apertus_no_lora
612,13.930014610290527,apertus_no_lora
614,19.269031524658203,apertus_no_lora
627,16.8284,apertus_no_lora
630,17.175716400146484,apertus_no_lora
636,51.814449310302734,apertus_no_lora
639,15.677775382995605,apertus_no_lora
640,11.151176452636719,apertus_no_lora
647,35.22528839111328,apertus_no_lora
650,27.964529037475586,apertus_no_lora
664,37.954833984375,apertus_no_lora
671,11.5056,apertus_no_lora
680,33.96998596191406,apertus_no_lora
684,8.9415283203125,apertus_no_lora
689,11.141695022583008,apertus_no_lora
692,12.611018180847168,apertus_no_lora
698,11.75284481048584,apertus_no_lora
700,37.482810974121094,apertus_no_lora
702,8.916601181030273,apertus_no_lora
703,19.836942672729492,apertus_no_lora
707,21.614778518676758,apertus_no_lora
709,14.800954818725586,apertus_no_lora
721,25.420503616333008,apertus_no_lora
725,36.25405502319336,apertus_no_lora
729,71.1180191040039,apertus_no_lora
730,25.712757110595703,apertus_no_lora
750,24.525114059448242,apertus_no_lora
757,15.710062026977539,apertus_no_lora
762,14.750814437866211,apertus_no_lora
767,15.610382080078125,apertus_no_lora
771,43.55941390991211,apertus_no_lora
773,14.768471717834473,apertus_no_lora
774,12.092073440551758,apertus_no_lora
775,17.646915435791016,apertus_no_lora
780,7.70072078704834,apertus_no_lora
788,10.160545349121094,apertus_no_lora
789,25.930252075195312,apertus_no_lora
797,8.485882759094238,apertus_no_lora
806,29.164941787719727,apertus_no_lora
809,4.184563159942627,apertus_no_lora
815,25.39372444152832,apertus_no_lora
823,21.156593322753906,apertus_no_lora
830,27.606788635253906,apertus_no_lora
839,7.40261173248291,apertus_no_lora
841,11.822394371032715,apertus_no_lora
846,50.956844329833984,apertus_no_lora
863,21.89578628540039,apertus_no_lora
865,34.40619659423828,apertus_no_lora
872,19.447294235229492,apertus_no_lora
876,5.474282264709473,apertus_no_lora
880,14.6756,apertus_no_lora
882,64.24021911621094,apertus_no_lora
893,45.95401382446289,apertus_no_lora
894,49.95650100708008,apertus_no_lora
900,15.86052417755127,apertus_no_lora
916,17.364023208618164,apertus_no_lora
918,81.39141845703125,apertus_no_lora
921,54.76527404785156,apertus_no_lora
922,23.079025268554688,apertus_no_lora
930,14.380284309387207,apertus_no_lora
932,18.10096549987793,apertus_no_lora
938,54.70884323120117,apertus_no_lora
941,10.285337448120117,apertus_no_lora
942,23.345748901367188,apertus_no_lora
948,18.741914749145508,apertus_no_lora
956,23.1099853515625,apertus_no_lora
965,19.57668113708496,apertus_no_lora
974,40.05323028564453,apertus_no_lora
977,21.58977508544922,apertus_no_lora
980,25.770374298095703,apertus_no_lora
981,23.193540573120117,apertus_no_lora
985,28.419111251831055,apertus_no_lora
986,40.034278869628906,apertus_no_lora
992,40.50240707397461,apertus_no_lora
994,12.457385063171387,apertus_no_lora
995,4.691766262054443,apertus_no_lora
997,29.09435272216797,apertus_no_lora
1000,16.91926383972168,apertus_no_lora
1004,34.228614807128906,apertus_no_lora
1015,29.47800636291504,apertus_no_lora
1020,18.587915420532227,apertus_no_lora
1031,38.046470642089844,apertus_no_lora
1035,18.0283260345459,apertus_no_lora
1038,28.644624710083008,apertus_no_lora
1040,18.344249725341797,apertus_no_lora
1041,35.721466064453125,apertus_no_lora
1042,17.71441650390625,apertus_no_lora
1050,23.99622917175293,apertus_no_lora
1053,30.864482879638672,apertus_no_lora
1058,24.961881637573242,apertus_no_lora
1059,24.20107650756836,apertus_no_lora
1068,24.00307273864746,apertus_no_lora
1076,38.255348205566406,apertus_no_lora
1082,17.610090255737305,apertus_no_lora
1083,55.31378936767578,apertus_no_lora
1087,12.330638885498047,apertus_no_lora
1091,20.700021743774414,apertus_no_lora
1093,50.17690658569336,apertus_no_lora
1099,30.17093276977539,apertus_no_lora
1103,23.568099975585938,apertus_no_lora
1106,16.194135665893555,apertus_no_lora
1107,27.80083656311035,apertus_no_lora
1114,20.433509826660156,apertus_no_lora
1115,18.603294372558594,apertus_no_lora
1118,29.431344985961914,apertus_no_lora
1125,19.9901180267334,apertus_no_lora
1133,11.0589,apertus_no_lora
1136,14.855714797973633,apertus_no_lora
1139,31.239038467407227,apertus_no_lora
1145,34.18423080444336,apertus_no_lora
1164,13.080108642578125,apertus_no_lora
1165,18.303062438964844,apertus_no_lora
1172,11.451292037963867,apertus_no_lora
1173,34.842063903808594,apertus_no_lora
1181,8.596382141113281,apertus_no_lora
1186,26.161352157592773,apertus_no_lora
1188,13.4147,apertus_no_lora
1197,36.75947570800781,apertus_no_lora
1198,16.647930145263672,apertus_no_lora
1213,28.586008071899414,apertus_no_lora
1215,28.067541122436523,apertus_no_lora
1222,17.40228271484375,apertus_no_lora
1226,20.295654296875,apertus_no_lora
1230,27.16951560974121,apertus_no_lora
1232,12.2583,apertus_no_lora
1234,43.82426834106445,apertus_no_lora
1245,22.825366973876953,apertus_no_lora
1249,37.854759216308594,apertus_no_lora
1250,32.586997985839844,apertus_no_lora
1253,28.94487762451172,apertus_no_lora
1254,13.5091,apertus_no_lora
1270,7.925111770629883,apertus_no_lora
1271,15.077183723449707,apertus_no_lora
1276,10.158,apertus_no_lora
1291,18.024559020996094,apertus_no_lora
1298,10.9203,apertus_no_lora
1299,15.23249340057373,apertus_no_lora
1305,17.35782241821289,apertus_no_lora
1317,14.482319831848145,apertus_no_lora
1319,36.842567443847656,apertus_no_lora
1324,21.990079879760742,apertus_no_lora
1328,12.28146743774414,apertus_no_lora
1339,38.722286224365234,apertus_no_lora
1340,33.3302001953125,apertus_no_lora
1349,17.992416381835938,apertus_no_lora
1353,9.231,apertus_no_lora
1363,8.511746406555176,apertus_no_lora
1365,23.359195709228516,apertus_no_lora
1366,60.036033630371094,apertus_no_lora
1370,21.527591705322266,apertus_no_lora
1371,46.964813232421875,apertus_no_lora
1380,30.568222045898438,apertus_no_lora
1381,17.114656448364258,apertus_no_lora
1388,24.537078857421875,apertus_no_lora
1389,15.22587776184082,apertus_no_lora
1395,23.337629318237305,apertus_no_lora
1397,11.5089,apertus_no_lora
1399,11.428330421447754,apertus_no_lora
1401,14.59522533416748,apertus_no_lora
1405,19.936819076538086,apertus_no_lora
1418,16.644174575805664,apertus_no_lora
1425,24.614233016967773,apertus_no_lora
1426,23.378028869628906,apertus_no_lora
1432,30.660764694213867,apertus_no_lora
1433,9.506589889526367,apertus_no_lora
1434,21.405471801757812,apertus_no_lora
1439,20.280513763427734,apertus_no_lora
1447,27.10752296447754,apertus_no_lora
1452,11.0257,apertus_no_lora
1455,12.003623962402344,apertus_no_lora
1456,25.69089126586914,apertus_no_lora
1457,31.241933822631836,apertus_no_lora
1461,9.529030799865723,apertus_no_lora
1468,33.875518798828125,apertus_no_lora
1488,5.958220958709717,apertus_no_lora
1514,21.457992553710938,apertus_no_lora
1515,38.222618103027344,apertus_no_lora
1516,10.563117980957031,apertus_no_lora
1519,18.971637725830078,apertus_no_lora
1521,16.734848022460938,apertus_no_lora
1522,19.201004028320312,apertus_no_lora
1523,19.58629608154297,apertus_no_lora
1524,34.61276626586914,apertus_no_lora
1525,30.483917236328125,apertus_no_lora
1527,35.487178802490234,apertus_no_lora
1529,12.4715,apertus_no_lora
1534,23.115890502929688,apertus_no_lora
1536,15.362149238586426,apertus_no_lora
1542,38.4070930480957,apertus_no_lora
1543,38.68749237060547,apertus_no_lora
1545,7.50330114364624,apertus_no_lora
1546,17.596271514892578,apertus_no_lora
1551,10.483,apertus_no_lora
1558,14.155884742736816,apertus_no_lora
1559,29.34882354736328,apertus_no_lora
1563,14.5938138961792,apertus_no_lora
1566,28.72580909729004,apertus_no_lora
1570,14.415836334228516,apertus_no_lora
1571,5.428506374359131,apertus_no_lora
1576,11.087506294250488,apertus_no_lora
1582,18.549514770507812,apertus_no_lora
1588,13.447696685791016,apertus_no_lora
1589,44.066368103027344,apertus_no_lora
1597,24.897747039794922,apertus_no_lora
1607,27.70201873779297,apertus_no_lora
1609,33.34855651855469,apertus_no_lora
1610,28.853591918945312,apertus_no_lora
1612,13.318170547485352,apertus_no_lora
1614,23.908275604248047,apertus_no_lora
1625,23.069604873657227,apertus_no_lora
1626,14.511978149414062,apertus_no_lora
1638,24.616928100585938,apertus_no_lora
1648,19.537694931030273,apertus_no_lora
1653,8.456971168518066,apertus_no_lora
1656,16.337509155273438,apertus_no_lora
1674,22.575153350830078,apertus_no_lora
1675,13.796149253845215,apertus_no_lora
1687,36.494510650634766,apertus_no_lora
1690,0.44274938106536865,apertus_no_lora
1706,11.04979419708252,apertus_no_lora
1716,8.5685,apertus_no_lora
1725,13.732702255249023,apertus_no_lora
1732,25.136890411376953,apertus_no_lora
1745,10.31754207611084,apertus_no_lora
1753,26.256301879882812,apertus_no_lora
1754,11.872432708740234,apertus_no_lora
1762,41.120208740234375,apertus_no_lora
1765,21.080821990966797,apertus_no_lora
1768,38.84454345703125,apertus_no_lora
1770,13.338844299316406,apertus_no_lora
1773,11.268035888671875,apertus_no_lora
1777,22.29103660583496,apertus_no_lora
1780,53.514007568359375,apertus_no_lora
1789,27.87144660949707,apertus_no_lora
1805,31.08070182800293,apertus_no_lora
1818,24.161272048950195,apertus_no_lora
1819,8.619645118713379,apertus_no_lora
1823,6.236790657043457,apertus_no_lora
1847,28.44283103942871,apertus_no_lora
1851,11.94418716430664,apertus_no_lora
1856,16.559627532958984,apertus_no_lora
1861,20.4744930267334,apertus_no_lora
1868,29.238967895507812,apertus_no_lora
1873,18.24618911743164,apertus_no_lora
1875,35.73757553100586,apertus_no_lora
1876,10.750843048095703,apertus_no_lora
1877,16.033367156982422,apertus_no_lora
1879,16.104320526123047,apertus_no_lora
1886,31.63036346435547,apertus_no_lora
1895,13.278366088867188,apertus_no_lora
1896,18.24111557006836,apertus_no_lora
1902,11.656015396118164,apertus_no_lora
1903,8.526,apertus_no_lora
1906,36.140079498291016,apertus_no_lora
1909,26.115867614746094,apertus_no_lora
1918,18.992605209350586,apertus_no_lora
1920,39.587379455566406,apertus_no_lora
1930,13.621587753295898,apertus_no_lora
1943,13.58665657043457,apertus_no_lora
1945,7.6512532234191895,apertus_no_lora
1950,14.186983108520508,apertus_no_lora
1953,13.060794830322266,apertus_no_lora
1959,20.306442260742188,apertus_no_lora
1967,11.407413482666016,apertus_no_lora
1971,27.48844337463379,apertus_no_lora
1973,21.661094665527344,apertus_no_lora
1985,21.997451782226562,apertus_no_lora
1991,7.9065,apertus_no_lora
2001,31.354049682617188,apertus_no_lora
2002,9.8459,apertus_no_lora
2005,11.103049278259277,apertus_no_lora
2007,17.87789535522461,apertus_no_lora
2016,21.461828231811523,apertus_no_lora
2017,22.9404239654541,apertus_no_lora
2019,35.96001052856445,apertus_no_lora
2024,9.9973,apertus_no_lora
2027,9.558685302734375,apertus_no_lora
2029,12.59328842163086,apertus_no_lora
2031,13.51779556274414,apertus_no_lora
2034,17.43596076965332,apertus_no_lora
2037,15.969047546386719,apertus_no_lora
2038,21.9134521484375,apertus_no_lora
2039,17.657115936279297,apertus_no_lora
2045,15.826553344726562,apertus_no_lora
2051,13.533956527709961,apertus_no_lora
2052,18.57917022705078,apertus_no_lora
2054,14.250497817993164,apertus_no_lora
2058,12.612736701965332,apertus_no_lora
2065,23.512229919433594,apertus_no_lora
2069,26.680347442626953,apertus_no_lora
2070,20.416790008544922,apertus_no_lora
2076,24.029720306396484,apertus_no_lora
2077,24.323108673095703,apertus_no_lora
2078,19.065624237060547,apertus_no_lora
2093,13.277902603149414,apertus_no_lora
2094,16.208311080932617,apertus_no_lora
2117,4.6841654777526855,apertus_no_lora
2135,21.491640090942383,apertus_no_lora
2141,7.9245100021362305,apertus_no_lora
2146,22.52614402770996,apertus_no_lora
2147,13.909722328186035,apertus_no_lora
2148,27.434053421020508,apertus_no_lora
2155,8.094472885131836,apertus_no_lora
2164,22.324691772460938,apertus_no_lora
2167,9.0695,apertus_no_lora
2172,47.66353225708008,apertus_no_lora
2185,25.72920799255371,apertus_no_lora
2189,9.4042,apertus_no_lora
2192,5.800896167755127,apertus_no_lora
2197,13.043004989624023,apertus_no_lora
2198,9.569165229797363,apertus_no_lora
2199,9.250163078308105,apertus_no_lora
2201,3.7976717948913574,apertus_no_lora
2208,13.964539527893066,apertus_no_lora
2211,8.6798,apertus_no_lora
2212,11.951491355895996,apertus_no_lora
2214,11.765647888183594,apertus_no_lora
2216,10.217032432556152,apertus_no_lora
2220,23.599109649658203,apertus_no_lora
2223,12.602119445800781,apertus_no_lora
2224,8.375434875488281,apertus_no_lora
2225,18.030044555664062,apertus_no_lora
2226,20.106815338134766,apertus_no_lora
2227,10.01935863494873,apertus_no_lora
2229,10.261653900146484,apertus_no_lora
2231,5.342116355895996,apertus_no_lora
2235,19.328819274902344,apertus_no_lora
2241,0.17382751405239105,apertus_no_lora
2248,20.191713333129883,apertus_no_lora
2250,15.7178373336792,apertus_no_lora
2253,19.265531539916992,apertus_no_lora
2260,17.200786590576172,apertus_no_lora
2272,22.69603729248047,apertus_no_lora
2274,18.796764373779297,apertus_no_lora
2280,25.631505966186523,apertus_no_lora
2282,13.274553298950195,apertus_no_lora
2294,8.000548362731934,apertus_no_lora
2295,8.39847469329834,apertus_no_lora
2298,22.51886558532715,apertus_no_lora
2309,7.162830352783203,apertus_no_lora
2310,6.4605,apertus_no_lora
2311,21.5222225189209,apertus_no_lora
2312,5.081696510314941,apertus_no_lora
2317,16.834524154663086,apertus_no_lora
2318,15.740043640136719,apertus_no_lora
2322,12.64880084991455,apertus_no_lora
2323,28.9578800201416,apertus_no_lora
2324,14.341451644897461,apertus_no_lora
2329,14.317046165466309,apertus_no_lora
2330,17.461606979370117,apertus_no_lora
2339,16.292688369750977,apertus_no_lora
2343,7.4675,apertus_no_lora
2344,27.911083221435547,apertus_no_lora
2348,13.230613708496094,apertus_no_lora
2354,7.9715,apertus_no_lora
2356,6.295929908752441,apertus_no_lora
2360,12.655984878540039,apertus_no_lora
2363,20.2103328704834,apertus_no_lora
2367,6.9173431396484375,apertus_no_lora
2379,18.120222091674805,apertus_no_lora
2386,8.287675857543945,apertus_no_lora
2388,15.025510787963867,apertus_no_lora
2389,8.341035842895508,apertus_no_lora
2390,11.830883979797363,apertus_no_lora
2394,15.397308349609375,apertus_no_lora
2400,15.148771286010742,apertus_no_lora
2409,8.5164,apertus_no_lora
2415,21.29448699951172,apertus_no_lora
2424,8.049518585205078,apertus_no_lora
2426,27.20167350769043,apertus_no_lora
2430,9.153960227966309,apertus_no_lora
2449,17.668180465698242,apertus_no_lora
2457,15.72006607055664,apertus_no_lora
2462,15.4940767288208,apertus_no_lora
2465,12.79588508605957,apertus_no_lora
2473,0.03285590186715126,apertus_no_lora
